user_id,created_at
1,2023-06-15T05:35:41
2,2023-06-16T07:23:06
3,2023-06-17T10:00:59
4,2023-06-17T17:12:52
5,2023-06-18T01:19:23
6,2023-06-18T07:23:21
7,2023-06-19T20:36:39
8,2023-06-20T00:24:29
9,2023-06-20T06:45:02
10,2023-06-20T09:35:27
11,2023-06-21T20:48:40
12,2023-06-22T10:36:04
13,2023-06-22T12:34:32
14,2023-06-23T09:44:40
15,2023-06-23T19:51:10
16,2023-06-24T15:30:40
17,2023-06-24T20:44:16
18,2023-06-25T16:05:56
19,2023-06-26T00:19:04
20,2023-06-26T05:54:49
21,2023-06-26T13:02:09
22,2023-06-26T19:10:28
23,2023-06-26T22:00:15
24,2023-06-27T01:25:04
25,2023-06-27T09:59:17
26,2023-06-29T00:20:55
27,2023-06-29T11:25:22
28,2023-06-29T23:05:29
29,2023-06-30T09:36:51
30,2023-06-30T14:30:59
31,2023-07-02T01:51:07
32,2023-07-02T05:15:27
33,2023-07-02T21:11:16
34,2023-07-04T13:27:20
35,2023-07-06T09:22:38
36,2023-07-06T14:07:25
37,2023-07-07T10:42:09
38,2023-07-10T08:56:38
39,2023-07-10T20:31:50
40,2023-07-11T19:13:12
41,2023-07-12T01:12:33
42,2023-07-13T14:43:07
43,2023-07-13T19:26:53
44,2023-07-14T04:08:25
45,2023-07-14T07:51:45
46,2023-07-14T16:18:34
47,2023-07-14T18:21:01
48,2023-07-16T00:13:50
49,2023-07-17T00:40:41
50,2023-07-19T00:02:54
